PA_voie;PA_num√©robis;COORD_X;COORD_Y
BARO;1;603988.663854;125780.055490
BARO;2;603975.428242;125795.788386
BARO;3;603971.057993;125801.157549
BARO;4;603961.942902;125812.395333
BARO;5;603952.203490;125824.132573
BARO;6;603958.446703;125796.287843
BARO;7;603953.452133;125802.406192
BARO;8;603948.457563;125808.649405
BARO;9;603934.847359;125844.360583
BARO;10;603930.102517;125850.728660
BARO;11;603920.737697;125861.716714
BARO;12;603915.493399;125868.209656
BARO;13;603907.626950;125877.199882
BARO;14;603902.757244;125883.567960
BARO;15;603897.512945;125889.686308
BARO;16;603890.270818;125898.177078
BARO;17;603879.657357;125910.413775
BARO;18;603870.042809;125922.900201
BARO;19;603864.923374;125929.143414
BARO;20;603850.813713;125945.875224
BARO;21;603841.948351;125956.613550
BARO;22;603836.953780;125962.607035
BARO;23;603832.084074;125968.475655
BARO;24;603827.089504;125974.469139
BARO;25;603822.219798;125980.212895
BARO;26;603817.599820;125985.831787
BARO;27;603813.104707;125991.700407
BARO;28;603808.235001;125997.069570
BARO;29;603803.240431;126003.187919
BARO;30;603799.369639;126008.432217
BARO;31;603794.749661;126013.801381
BARO;32;603785.384842;126024.664571
BARO;33;603766.780067;126046.765545
BARO;34;603762.534683;126052.259572
BARO;35;603757.914705;126057.753599
BARO;36;603745.053687;126073.111903
BARO;37;603740.558573;126078.730795
BARO;38;603730.319704;126091.217220
BARO;39;603721.454342;126101.830682
BARO;40;603717.084093;126107.199845
BARO;41;603707.844138;126117.688443
BARO;42;603698.978775;126128.177041
BARO;43;603694.608526;126133.920797
BARO;44;603693.859341;126115.066294
BARO;45;603702.724703;126104.452832
BARO;46;603715.960314;126088.595071
BARO;47;603720.455428;126083.350772
BARO;48;603748.175293;126050.136880
BARO;49;603757.290384;126038.649368
BARO;50;603771.025452;126022.292150
BARO;51;603794.000476;125994.572285
BARO;52;603808.235001;125977.590746
BARO;53;603812.979843;125971.846990
BARO;54;603832.208939;125948.747102
BARO;55;603841.074301;125937.883912
BARO;56;603855.433690;125921.027237
BARO;57;603860.428261;125915.033753
BARO;58;603865.422831;125908.915404
BARO;59;603882.778963;125887.938209
BARO;60;603888.272990;125882.194453
BARO;61;603892.892968;125875.951240
BARO;62;603910.498828;125854.974044
BATA;1;603199.646608;126643.616697
BATA;2;603194.527174;126644.990204
BATA;3;603189.407739;126646.363711
BATA;4;603184.662897;126647.612354
BATA;5;603180.042920;126648.860996
BATA;6;603175.048349;126650.109639
BATA;7;603170.053779;126651.483146
BATA;8;603165.059209;126652.731788
BATA;9;603156.193846;126648.361539
BATA;10;603152.323054;126646.238847
BATA;11;603148.077670;126643.616697
BATA;12;603143.457692;126641.244276
BATA;13;603164.434887;126646.363711
BATA;14;603156.068982;126641.618869
BATA;15;603147.203620;126636.624299
BATA;16;603172.426200;126644.241019
BATA;17;603168.180815;126641.743733
BATA;18;603163.810566;126639.371312
BATA;19;603159.690046;126637.123756
BATA;20;603155.319797;126634.626471
BATA;21;603151.074412;126632.004321
BATA;22;603163.311109;126632.628643
BATA;23;603150.450091;126625.511380
BATA;24;603175.797535;126633.003235
BATA;25;603171.427286;126630.505950
BATA;26;603158.566267;126623.263823
BATA;27;603154.570611;126621.640588
BATA;28;603170.802965;126623.888145
BATA;29;603162.312195;126618.893574
BATA;30;603170.303508;126616.895746
BATA;31;603166.058123;126614.523325
BERC;1;603381.448968;126587.552645
BERC;2;603386.568402;126586.428867
BERC;3;603391.438108;126585.305089
BERC;4;603395.808357;126584.306175
BERC;5;603766.030882;126494.154181
BERC;6;603774.396787;126492.031488
BERC;7;603783.387014;126489.659067
BERC;8;603817.724685;126487.161782
BERC;9;603826.215454;126488.285560
BERC;10;603835.455409;126489.659067
BERC;11;603844.445636;126490.782846
BERC;12;603852.686677;126491.656895
BERC;13;603851.063441;126508.888163
BERC;14;603842.198079;126507.764385
BERC;15;603833.582445;126506.515742
BERC;16;603824.592219;126505.391964
BERC;17;603815.851721;126504.143321
BERC;18;603806.486901;126502.894679
BERC;19;603798.120996;126503.394136
BERC;20;603791.752919;126505.017371
BERC;21;603788.006991;126512.634091
BERC;22;603782.512964;126514.132462
BERC;23;603777.143801;126522.373503
BERC;24;603783.511878;126520.999996
BERC;25;603762.160090;126512.758955
BERC;26;603347.236161;126622.514638
BERC;27;603341.617269;126624.013009
BERC;28;603336.622699;126625.261651
BERC;29;603763.908189;126519.626489
BERC;30;603756.666063;126528.616716
BERC;31;603753.044999;126515.256240
BERC;32;603745.428279;126517.378933
BERC;33;603737.187238;126519.626489
BERC;34;603728.696469;126521.874046
BERC;35;603720.455428;126523.996738
BERC;36;603712.089522;126526.369159
BERC;37;603702.474975;126528.866444
BERC;38;603694.733391;126530.989137
BERC;39;603757.415248;126496.526601
BERC;40;603748.674750;126498.774158
BERC;41;603739.809388;126501.146579
BERC;42;603730.819161;126503.519000
BERC;43;603722.827849;126505.641692
BERC;44;603580.982052;126543.350698
BERC;45;603573.615060;126545.348526
BERC;46;603565.748612;126547.471219
BERC;47;603557.882164;126549.469047
BERC;48;603550.265444;126551.342011
BERC;49;603543.148182;126553.464703
BERC;50;603534.033091;126555.837124
BERC;51;603526.166642;126557.834952
BERC;52;603518.300194;126559.957644
BERC;53;603413.913675;126587.552645
BERC;54;603408.294783;126588.926152
BERC;55;603400.927792;126590.674252
BERC;56;603393.311072;126592.672080
BERC;57;603385.944081;126594.919637
BERC;58;603347.236161;126596.792601
BERC;59;603343.365369;126597.666650
BERC;60;603338.370799;126599.040157
BERC;61;603329.505436;126601.287714
BERC;62;603324.760595;126602.786085
BERC;63;603319.391431;126604.409320
BERC;64;603336.497835;126608.030384
BERC;65;603330.629215;126609.279026
BERC;66;603326.508694;126610.028212
BERC;67;603321.763852;126611.276854
BERC;68;603301.660707;126617.020610
BERC;69;603296.416408;126618.269253
BERC;70;603291.546702;126619.767624
BERC;71;603286.177539;126620.891402
BERC;72;603281.807290;126622.140045
BERC;73;603277.312177;126623.513552
BERC;74;603272.817063;126624.637330
BERC;75;603266.324122;126626.260565
BERC;76;603262.578194;126627.384344
BERC;77;603257.958217;126628.383258
BERC;78;603252.464189;126630.006493
BERC;79;603243.349098;126632.254050
BERC;80;603237.105885;126633.877285
BERC;81;603550.390309;126569.072735
BERC;82;603542.398996;126571.070563
BERC;83;603534.532548;126573.193256
BERC;84;603526.541235;126575.315948
BERC;85;603519.174244;126577.313776
BERC;86;603511.182932;126579.311604
BERC;87;603503.441348;126581.309433
BERC;88;603495.699764;126583.432125
BERC;89;603487.583587;126585.554817
BERC;90;603479.842003;126587.552645
BERC;91;603378.202497;126614.648189
BERC;92;603372.209013;126616.021696
BERC;93;603355.227473;126620.516810
BERC;94;603330.754079;126627.009751
BERC;95;603325.759509;126628.258394
BERC;96;603320.764938;126629.631900
BERC;97;603315.645504;126631.005407
BERC;98;603310.401205;126632.254050
BERC;99;603300.536928;126635.001063
BERC;100;603290.422924;126637.748077
BERC;101;603286.302403;126638.871855
BERC;102;603281.682426;126639.870770
BERC;103;603277.062448;126640.994548
BERC;104;603272.317606;126642.368055
BERC;105;603267.323036;126643.616697
BERC;106;603262.453330;126644.865340
BERC;107;603257.583624;126646.113982
BERC;108;603252.713918;126647.362625
BERC;109;603247.344755;126648.860996
BERC;110;603241.600999;126650.359367
BERC;111;603235.732379;126651.857738
BERC;112;603230.238351;126653.356109
BERC;113;603223.870274;126654.979345
BERC;114;603218.376247;126656.477716
BERC;115;603208.387106;126659.224729
BERC;116;603200.021201;126661.472286
BERC;117;603191.655296;126663.594979
BERC;118;603183.164526;126665.717671
BERC;119;603171.052693;126668.839277
BERC;120;603162.187331;126671.336563
BERC;121;603153.446833;126673.459255
BERC;122;603144.206878;126675.956540
BERC;123;603133.593416;126678.703554
BERC;124;603126.850746;126680.451653
BERC;125;603118.235112;126682.824074
BERC;008bis;603809.608508;126478.920741
BERY;1;603098.007102;126657.976087
BERY;2;603090.015790;126657.726358
BERY;3;603089.890925;126651.233417
BERY;4;603082.773663;126651.857738
BERY;5;603083.273120;126645.739390
BERY;6;603078.278549;126647.986946
BERY;7;603076.155857;126639.870770
BERY;8;603069.662916;126640.619955
BERY;9;603069.288323;126634.002149
BERY;10;603062.795381;126635.001063
BERY;11;603062.295924;126628.383258
BERY;12;603055.802983;126629.257308
BERY;13;603055.553255;126622.639502
BERY;14;603049.060313;126623.513552
BERY;15;603048.311128;126616.770882
BERY;16;603041.818186;126617.894660
BERY;17;603041.318729;126611.027126
BERY;18;603035.075516;126612.150904
BERY;19;603034.451195;126605.408234
BERY;20;603028.083118;126606.407148
BERY;21;603027.458797;126599.539614
BERY;22;603021.090719;126600.663393
BERY;23;603020.716127;126593.920723
BERY;24;603014.348049;126595.044501
BERY;25;603013.723728;126588.301831
BERY;26;603007.355651;126589.175881
BERY;27;603006.856194;126582.558075
BERY;28;603000.363253;126583.432125
BERY;29;602999.738931;126576.689455
BERY;30;602993.370854;126577.688369
BERY;31;602992.996261;126571.070563
BERY;32;602986.378456;126571.944613
BERY;33;602986.003863;126565.326808
BERY;34;602979.510921;126566.325722
BERY;35;602979.136329;126559.583052
BERY;36;602972.393659;126560.581966
BERY;37;602972.143930;126553.714432
BERY;38;602965.526125;126554.838210
BERY;39;602965.401260;126548.095540
BERY;40;602958.783455;126549.219318
BERY;41;602948.294857;126533.985879
BERY;42;602948.544586;126540.603685
BERY;43;602941.302459;126528.366987
BERY;44;602941.926780;126535.234521
BERY;45;602934.684653;126522.623231
BERY;46;602934.809517;126529.365901
BERY;47;602927.442526;126516.879476
BERY;48;602927.817119;126523.747010
BERY;49;602919.326349;126510.011941
BERY;50;602921.324177;126518.128118
BERY;51;602914.831236;126506.390878
BERY;52;602911.834494;126510.261670
BERY;53;603117.485926;126619.393031
BERY;54;603111.742171;126614.523325
BERY;55;603115.238370;126605.907691
BERY;56;603105.748686;126609.528755
BERY;57;603110.618392;126602.036899
BERY;58;603100.004930;126604.659049
BERY;59;603105.374093;126598.540700
BERY;60;603091.014704;126598.041243
BERY;61;603099.380609;126592.796944
BERY;62;603095.260089;126589.425609
BERY;63;603063.544567;126575.191084
BERY;64;603066.915902;126568.198685
BERY;65;603056.052712;126569.572192
BERY;66;603058.175404;126561.206287
BERY;67;603047.936535;126562.454930
BERY;68;603053.930019;126555.087938
BERY;69;603049.185177;126551.342011
BERY;70;603039.820358;126555.462531
BERY;71;603044.814928;126547.845811
BERY;72;603041.693322;126545.348526
BERY;73;603034.825788;126552.091196
BERY;74;603025.460968;126543.600427
BERY;75;603012.849678;126533.361558
BERY;76;603008.229701;126529.365901
BERY;77;603003.609723;126525.619974
BERY;78;602997.865967;126520.750268
BERY;79;602991.997347;126515.880561
BERY;80;602986.128727;126511.135720
BERY;81;602980.260107;126506.390878
BERY;82;602974.391487;126501.521172
BERY;83;602968.522867;126496.776330
BERY;84;602962.654247;126491.906624
BERY;85;602956.910491;126487.286646
BERY;86;602951.291599;126482.541805
BERY;87;602945.173251;126477.422370
BERY;88;603011.975629;126520.875132
BERY;89;603006.231873;126516.255154
BERY;90;603000.488117;126511.385448
BERY;91;602994.619497;126506.640606
BERY;92;602982.133071;126496.401737
BERY;93;602976.264451;126491.407167
BERY;94;602970.395831;126486.662325
BERY;95;602964.652075;126481.792619
BERY;96;602958.783455;126477.047777
BERY;97;602953.164563;126472.302935
BERY;98;602947.420807;126467.433229
BERY;99;602941.677051;126462.688388
BOSS;1;603431.519535;126946.162794
BOSS;2;603434.890870;126950.408179
BOSS;3;603438.886526;126955.028156
BOSS;4;603442.507590;126959.398405
BOSS;5;603446.628110;126964.268111
BOSS;6;603449.999445;126968.263768
BOUT;1;602912.333951;127274.306064
BOUT;2;602918.202571;127269.436358
BOUT;3;602924.196055;127264.441787
BOUT;4;602931.313318;127258.323439
BOUT;5;602937.431667;127253.328868
BOUT;6;602943.425151;127248.209434
BOUT;7;602949.793228;127242.965135
BOUT;8;602956.161305;127237.595972
BOUT;9;602962.154790;127232.476537
BOUT;10;602968.273138;127227.481967
BOUT;11;602974.391487;127222.362533
CHAR;1;604130.509651;126079.479980
CHAR;2;604133.006936;126075.234595
CHAR;3;604137.502049;126069.865432
CHAR;4;604141.747434;126064.121676
CHAR;5;604146.367411;126058.128192
CHAR;6;604151.611710;126051.260658
CHAR;7;604155.232774;126046.390952
CHAR;8;604158.978701;126041.646110
CHAR;9;604162.599765;126037.026132
CHAR;10;604166.970014;126030.907784
CHAR;11;604171.465127;126025.164028
CHAR;12;604177.084019;126017.797037
CHAR;13;604180.954811;126012.552738
CHAR;14;604184.700739;126007.558168
CHAR;15;604193.191508;125996.570113
CHAR;16;604196.937436;125991.575543
CHAR;17;604201.932006;125985.082601
CHAR;18;604205.927662;125979.838302
CHAR;19;604218.414088;125963.481085
CHAR;20;604222.534609;125957.737329
CHAR;21;604225.781079;125953.616808
CHAR;22;604247.008003;125933.139070
CHAR;23;604251.378252;125928.768821
CHAR;24;604255.748501;125924.523436
CHAR;25;604259.619293;125920.777508
CHAR;26;604263.490085;125916.906716
CHAR;27;604267.985199;125912.786196
CHAR;28;604272.480312;125908.291083
CHAR;29;604276.725697;125904.170562
CHAR;30;604280.721353;125900.174906
CHAR;31;604285.091602;125896.054385
CHAR;32;604289.336987;125891.809001
CHAR;33;604293.582371;125887.563616
CHAR;34;604297.702892;125883.567960
CHAR;35;604301.199091;125880.196625
CHAR;36;604305.194747;125876.325833
CHAR;37;604309.564996;125871.955584
CHAR;38;604313.810381;125868.084792
CHAR;39;604318.055766;125863.839407
CHAR;40;604322.301151;125859.718886
CHAR;41;604326.421671;125855.848094
CHAR;42;604330.667056;125851.727574
CHAR;43;604334.912441;125847.607053
CHAR;44;604338.408640;125844.235718
CHAR;45;604343.278346;125839.366012
CHAR;46;604347.773459;125834.995763
CHAR;47;604352.018844;125830.875243
CHAR;48;604356.139365;125826.879586
CHAR;49;604360.135021;125823.008794
CHAR;50;604363.880949;125819.138002
CHAR;51;604368.126333;125815.017482
CHAR;52;604372.496582;125810.896961
CHAR;53;604376.617103;125807.026169
CHAR;54;604380.612759;125802.905649
CHAR;55;604384.858144;125798.909993
CHAR;56;604389.228393;125794.664608
CHAR;57;604393.723506;125790.294359
CHAR;58;604397.344570;125786.673295
CHAR;59;604401.465090;125782.677639
CHAR;60;604405.835339;125778.432254
CHAR;61;604410.080724;125774.311734
CHAR;62;604414.201245;125770.440942
CHAR;63;604418.571494;125766.195557
CHAR;64;604426.937399;125758.079380
CHAR;65;604431.182784;125753.958860
CHAR;66;604439.673553;125745.592955
CHAR;67;604444.043802;125741.222706
CHAR;68;604448.039458;125737.351914
CHAR;69;604452.409707;125732.981665
CHAR;70;604457.903735;125747.590783
CHAR;71;604453.533486;125751.586439
CHAR;72;604449.288101;125755.956688
CHAR;73;604445.042716;125760.202073
CHAR;74;604440.297874;125764.822050
CHAR;75;604436.801675;125768.318250
CHAR;76;604432.681155;125772.313906
CHAR;77;604428.435770;125776.309562
CHAR;78;604424.065521;125780.430083
CHAR;79;604420.194729;125784.300875
CHAR;80;604416.074208;125788.421395
CHAR;81;604407.458575;125795.913251
CHAR;82;604403.088326;125800.658092
CHAR;83;604399.092669;125804.903477
CHAR;84;604394.972149;125808.774269
CHAR;85;604390.851628;125812.769925
CHAR;86;604386.606244;125816.890446
CHAR;87;604382.360859;125821.010966
CHAR;88;604378.115474;125825.131487
CHAR;89;604373.870089;125829.252007
CHAR;90;604369.125247;125833.747121
CHAR;91;604364.005813;125838.616827
CHAR;92;604360.010157;125842.612483
CHAR;93;604355.390179;125847.107596
CHAR;94;604349.022102;125853.350809
CHAR;95;604345.026446;125857.221601
CHAR;96;604341.155654;125860.967529
CHAR;97;604336.910269;125865.088049
CHAR;98;604332.914613;125868.958841
CHAR;99;604327.545450;125874.328004
CHAR;100;604323.424929;125878.198796
CHAR;101;604319.304409;125882.194453
CHAR;102;604315.059024;125886.314973
CHAR;103;604311.063367;125890.185765
CHAR;104;604307.317440;125893.806829
CHAR;105;604302.223270;125898.343304
CHAR;106;604298.951534;125901.923005
CHAR;107;604295.205607;125905.918662
CHAR;108;604281.845131;125918.280223
CHAR;109;604277.599746;125922.400744
CHAR;110;604273.728954;125926.646129
CHAR;111;604269.233841;125931.016378
CHAR;112;604265.487913;125934.512577
CHAR;113;604260.992800;125938.882826
CHAR;114;604256.747415;125943.003346
CHAR;115;604252.502031;125946.999003
CHAR;116;604248.381510;125951.119523
CHAR;117;604244.011261;125955.364908
CHAR;118;604239.641012;125959.735157
CHAR;119;604231.524835;125969.099976
CHAR;120;604228.403229;125973.220497
CHAR;121;604223.158930;125980.212895
CHAR;122;604217.290310;125987.954479
CHAR;123;604213.544382;125992.949049
CHAR;124;604208.300083;125999.691719
CHAR;125;604204.679020;126004.686290
CHAR;126;604199.934178;126010.679774
CHAR;127;604195.439065;126016.548394
CHAR;128;604191.443408;126021.917557
CHAR;129;604186.823431;126027.786177
CHAR;130;604182.328318;126033.904526
CHAR;131;604178.082933;126039.398553
CHAR;132;604173.962412;126044.892581
CHAR;133;604170.216485;126049.762287
CHAR;134;604162.849493;126059.626563
CHAR;135;604156.856009;126067.118419
CHAR;136;604152.610624;126072.987039
CHAR;137;604147.241461;126079.979437
CHAR;138;604144.369583;126083.975093
CHAR;139;604140.748520;126088.969664
CHAR;140;604116.899446;126134.669982
CHAR;141;604114.651890;126138.665638
CHAR;142;604112.404333;126144.034801
CHAR;143;604110.656234;126149.029372
CHAR;144;604108.408677;126153.899078
CORB;1;603347.485889;126577.188912
CORB;2;603345.862654;126571.320292
CORB;3;603343.989690;126564.702486
CORB;4;603342.116726;126557.959816
CORB;5;603340.493491;126552.340925
CORB;6;603337.621613;126542.351784
CORB;7;603336.372971;126538.106399
CORB;8;603333.251364;126526.868616
CORB;9;603331.003807;126519.127032
CORB;10;603327.257880;126506.390878
CORB;11;603325.384916;126499.897936
CORB;12;603319.766024;126489.908796
CORB;13;603313.897404;126486.162868
CORB;14;603307.654191;126482.916397
CORB;15;603301.660707;126479.295334
CORB;16;603296.291544;126475.923999
CORI;1;603794.749661;126478.421284
CORI;2;603798.120996;126472.927257
CORI;3;603802.241517;126466.684044
CORI;4;603805.737716;126461.689474
CORI;5;603809.608508;126455.945718
CORI;6;603813.354436;126449.827369
CORI;7;603817.100363;126444.083613
CORI;8;603821.096020;126438.339857
DAUM;1;603589.722550;126895.592770
DAUM;2;603585.477165;126898.589512
DAUM;3;603581.856101;126901.336526
DAUM;4;603573.864789;126907.080281
DAUM;5;603569.869133;126910.077024
DAUM;6;603565.374019;126913.573223
DAUM;7;603561.253499;126916.569965
DAUM;8;603556.633521;126919.816436
DAUM;9;603552.513001;126922.813178
DAUM;10;603548.517345;126925.809920
DAUM;11;603544.396824;126928.806662
DAUM;12;603540.650896;126931.428812
DAUM;13;603536.530376;126934.675282
DAUM;14;603532.409855;126937.547160
DAUM;15;603528.164471;126940.668767
DAUM;16;603523.919086;126943.665509
DAUM;17;603519.923430;126946.662251
DAUM;18;603515.678045;126949.783858
DAUM;19;603511.682389;126952.655736
DAUM;20;603507.686732;126955.652478
DAUM;21;603503.441348;126958.524356
DAUM;22;603495.450035;126964.517840
DAUM;23;603491.704107;126967.139989
DAUM;24;603487.333858;126970.261596
DAUM;25;603483.213338;126973.258338
DAUM;26;603479.092817;126976.255080
DAUM;27;603474.972297;126979.376687
DAUM;28;603470.976640;126982.248565
DAUM;29;603466.856120;126985.245307
DAUM;30;603463.110192;126988.242049
DAUM;31;603454.619423;126994.110669
DAUM;32;603450.748631;126997.107411
DAUM;33;603446.378382;127000.229018
DAUM;34;603442.507590;127003.225760
DAUM;35;603438.511933;127005.972774
DAUM;36;603434.391413;127009.094380
DAUM;37;603430.395757;127012.091122
DAUM;38;603426.025508;127015.087864
DAUM;39;603422.029851;127018.084607
DAUM;40;603418.159059;127020.706756
DAUM;41;603414.163403;127024.078091
DAUM;42;603409.918018;127026.825105
DAUM;43;603405.922362;127029.821847
DAUM;44;603401.801842;127032.943453
DAUM;45;603397.556457;127035.940196
DAUM;46;603389.690009;127041.559087
DAUM;47;603385.319760;127044.930422
DAUM;48;603377.203583;127050.674178
DAUM;49;603372.833334;127053.795784
DAUM;50;603368.463085;127057.042255
DAUM;51;603364.217700;127060.038997
DAUM;52;603359.847451;127063.410332
DAUM;53;603351.481546;127069.653545
DAUM;54;603343.240505;127075.522165
DAUM;55;603336.872428;127080.017279
DAUM;56;603330.754079;127084.762120
DAUM;57;603325.759509;127088.508048
DAUM;58;603301.660707;127105.739316
DAUM;59;603297.540186;127108.486329
DAUM;60;603288.300231;127115.603592
DAUM;61;603278.685683;127122.471126
DAUM;62;603269.071136;127129.588389
DAUM;63;603264.326294;127132.959724
DAUM;64;603259.706316;127136.331059
DAUM;65;603255.086339;127139.577530
DAUM;66;603250.341497;127143.073729
DAUM;67;603240.352356;127150.440720
DAUM;68;603235.482650;127154.186648
DAUM;69;603231.112401;127157.308254
DAUM;70;603221.248125;127164.425517
DAUM;71;603211.883305;127171.168187
DAUM;72;603206.763871;127174.914115
DAUM;73;603199.521744;127180.158413
DAUM;74;603192.903938;127185.152984
DAUM;75;603188.159096;127188.649183
DAUM;76;603173.425114;127199.387509
DAUM;77;603178.294820;127196.016174
DAUM;78;603168.430544;127203.008573
DAUM;79;603163.685702;127206.754500
DAUM;80;603154.071154;127213.497170
DAUM;81;603144.456606;127220.489569
DAUM;82;603139.212307;127224.235496
DAUM;83;603135.341515;127227.357103
DAUM;84;603130.471809;127230.853302
DAUM;85;603125.477239;127234.474366
DAUM;86;603120.482669;127238.095429
DAUM;87;603115.612963;127241.466764
DAUM;88;603110.368664;127245.337556
DAUM;89;603105.873550;127248.833755
DAUM;90;603101.003844;127252.329954
DAUM;91;603096.383867;127255.701289
DAUM;92;603087.019048;127262.443959
DAUM;93;603081.525020;127266.564480
DAUM;94;603076.655314;127269.935815
DAUM;95;603072.659658;127272.807693
DAUM;96;603068.039680;127276.179028
DAUM;97;603063.169974;127279.924955
DAUM;98;603058.425132;127283.296290
DAUM;99;603053.680291;127286.792490
DAUM;100;603044.690064;127293.160567
DAUM;101;603040.819272;127295.907580
DAUM;102;603032.578231;127302.025929
DAUM;103;603009.103751;127297.905409
DAUM;104;603013.349135;127295.033531
DAUM;105;603017.469656;127291.911924
DAUM;106;603021.465312;127288.790318
DAUM;107;603025.710697;127285.543847
DAUM;108;603029.456625;127282.921698
DAUM;109;603033.327417;127280.424412
DAUM;110;603043.316557;127273.182285
DAUM;111;603048.311128;127269.561222
DAUM;112;603053.180834;127265.940159
DAUM;113;603058.050540;127262.319095
DAUM;114;603062.171060;127259.197489
DAUM;115;603071.785608;127252.205090
DAUM;116;603076.780178;127248.584027
DAUM;117;603081.525020;127245.212692
DAUM;118;603090.764975;127238.220293
DAUM;119;603095.384953;127234.973823
DAUM;120;603100.379523;127231.477623
DAUM;121;603110.868121;127224.110632
DAUM;122;603115.238370;127220.614433
DAUM;123;603119.608619;127217.492826
DAUM;124;603129.472895;127210.375564
DAUM;125;603139.337172;127203.508030
DAUM;126;603143.332828;127200.011830
DAUM;127;603158.441403;127189.148640
DAUM;128;603169.304593;127181.282192
DAUM;129;603173.924571;127178.160585
DAUM;130;603178.294820;127174.914115
DAUM;131;603187.409911;127167.921716
DAUM;132;603206.139550;127154.311512
DAUM;133;603225.368645;127140.326715
DAUM;134;603229.738894;127137.080244
DAUM;135;603235.108057;127133.084588
DAUM;136;603239.852899;127129.588389
DAUM;137;603244.722605;127126.217054
DAUM;138;603249.467447;127122.471126
DAUM;139;603254.836610;127118.725198
DAUM;140;603258.832266;127115.853321
DAUM;141;603263.452244;127112.731714
DAUM;142;603268.321950;127108.860922
DAUM;143;603273.066792;127105.364723
DAUM;144;603277.811634;127101.868524
DAUM;145;603282.681340;127098.372324
DAUM;146;603286.801860;127095.250718
DAUM;147;603341.866998;127055.543884
DAUM;148;603346.112383;127052.297413
DAUM;149;603350.108039;127049.425535
DAUM;150;603354.353424;127046.179065
DAUM;151;603358.723673;127042.932594
DAUM;152;603363.093922;127039.686123
DAUM;153;603367.339306;127036.689381
DAUM;154;603371.584691;127033.942367
DAUM;155;603379.451139;127028.198612
DAUM;156;603383.571660;127025.077005
DAUM;157;603387.567316;127022.080263
DAUM;158;603391.687837;127019.083521
DAUM;159;603400.053742;127012.840308
DAUM;160;603404.049398;127010.093294
DAUM;161;603408.045055;127006.971688
DAUM;162;603412.040711;127003.974945
DAUM;163;603420.281752;126997.981461
DAUM;164;603436.888698;126985.869628
DAUM;165;603428.522793;126991.987977
DAUM;166;603440.759490;126982.997750
DAUM;167;603448.750803;126977.253994
DAUM;168;603469.353405;126962.395148
DAUM;169;603477.219853;126956.901120
DAUM;170;603485.460894;126950.782772
DAUM;171;603493.701935;126944.664423
DAUM;172;603501.443519;126938.920667
DAUM;173;603505.564040;126936.048789
DAUM;174;603509.684560;126933.052047
DAUM;175;603514.054809;126929.930441
DAUM;176;603517.675873;126927.058563
DAUM;177;603522.170986;126923.812092
DAUM;178;603526.416371;126920.565621
DAUM;179;603530.412027;126917.568879
DAUM;180;603534.282819;126914.821865
DAUM;181;603538.528204;126911.825123
DAUM;182;603542.398996;126908.953245
DAUM;183;603551.514087;126901.960847
DAUM;184;603554.760558;126899.463562
DAUM;185;603559.505399;126896.341955
DAUM;186;603567.746440;126890.348471
DIJO;1;603630.927755;126120.435457
DIJO;2;603614.195944;126106.825253
DIJO;3;603608.951645;126102.455004
DIJO;4;603604.206804;126098.459347
DIJO;5;603599.087369;126094.213963
DIJO;6;603594.966849;126109.697131
DIJO;7;603600.211147;126114.067380
DIJO;8;603604.955989;126118.187900
DIJO;9;603609.201374;126121.559235
DIJO;10;603613.321894;126125.305163
ERAR;1;603546.894109;127233.475451
ERAR;2;603562.751870;127241.092171
ERAR;3;603565.374019;127247.085656
ERAR;4;603573.240468;127249.083484
ERAR;5;603574.114517;127253.578597
ERAR;6;603578.609631;127253.204004
ERAR;7;603586.476079;127262.943416
ERAR;8;603591.470649;127262.943416
ERAR;9;603599.711690;127269.186629
ERAR;10;603602.833297;127275.180114
ERAR;11;603608.452188;127275.679571
ERAR;12;603615.944044;127281.423326
ERAR;13;603618.441329;127286.792490
ERAR;14;603623.810492;127287.291947
ERAR;15;603627.556420;127293.410295
ERAR;16;603633.425040;127294.534074
GERT;1;603784.635656;126136.542946
GERT;2;603784.885385;126131.298647
GERT;3;603779.765950;126126.928398
GERT;4;603774.771380;126122.932742
GERT;5;603768.902760;126118.187900
GERT;6;603764.657375;126114.441972
GERT;7;603759.413076;126110.446316
GERT;8;603754.168777;126106.200931
KESS;1;603570.243726;126089.593985
KESS;2;603563.376191;126083.850229
KESS;3;603558.881078;126079.979437
KESS;4;603554.011372;126076.233509
KESS;5;603549.765987;126072.362717
KESS;6;603544.771417;126068.367061
KESS;7;603535.656326;126060.750341
KESS;8;603531.161213;126056.754685
KESS;9;603526.041778;126052.759029
KESS;10;603521.796393;126049.137965
KESS;11;603517.426144;126045.267174
KESS;12;603512.681303;126041.646110
KESS;13;603508.061325;126037.650454
KESS;14;603503.566212;126033.904526
KESS;15;603498.946234;126030.158598
KESS;16;603494.451121;126026.038078
KESS;17;603489.581415;126022.292150
KESS;18;603485.211166;126018.546222
KESS;19;603480.466324;126014.675430
KESS;20;603475.971211;126010.679774
KESS;21;603471.101505;126007.058711
KESS;22;603461.986414;125999.566855
KESS;23;603457.116708;125995.321470
KESS;24;603452.621595;125991.700407
KESS;25;603448.001617;125987.704751
KESS;26;603443.381640;125983.833959
KESS;27;603438.886526;125980.088031
KESS;28;603434.266549;125976.217239
KESS;29;603420.531480;125964.729727
KESS;30;603415.786639;125961.233528
KESS;31;603411.166661;125957.113007
KESS;32;603406.796412;125953.367080
KESS;33;603402.051570;125949.621152
KESS;34;603397.306728;125945.625496
KESS;35;603392.561887;125941.504975
KESS;36;603387.941909;125937.759047
KESS;37;603392.686751;125922.650472
KESS;38;603397.431593;125926.646129
KESS;39;603406.671548;125934.387713
KESS;40;603415.786639;125942.004432
KESS;41;603425.151458;125949.746016
KESS;42;603429.896300;125953.741672
KESS;43;603434.266549;125957.362736
KESS;44;603438.886526;125961.108664
KESS;45;603443.506504;125964.979456
KESS;46;603448.126481;125968.850248
KESS;47;603452.746459;125972.596175
KESS;48;603457.491301;125976.591832
KESS;49;603461.986414;125980.337759
KESS;50;603466.731256;125984.208551
KESS;51;603475.971211;125991.950135
KESS;52;603480.591188;125995.820927
KESS;53;603485.086302;125999.566855
KESS;54;603489.706279;126003.312783
KESS;55;603494.201392;126007.058711
KESS;56;603499.071099;126011.179231
KESS;57;603508.186189;126018.795951
KESS;58;603512.806167;126022.541879
KESS;59;603517.551009;126026.537535
KESS;60;603522.295850;126030.408327
KESS;61;603526.666100;126034.154255
KESS;62;603531.161213;126038.025047
KESS;63;603540.151439;126045.392038
KESS;64;603545.021145;126049.262830
KESS;65;603554.261100;126057.004414
KESS;66;603558.881078;126060.875206
KESS;67;603564.000513;126065.120591
KESS;68;603568.370762;126068.616790
KESS;69;603572.738688;126072.828110
LACH;1;603746.676922;126213.584193
LACH;2;603749.423936;126218.828492
LACH;3;603748.674750;126224.197655
LACH;4;603744.928822;126228.567904
LACH;5;603739.559659;126230.815461
LACH;6;603734.065632;126229.067361
LACH;7;603740.059116;126224.821976
LACH;8;603743.805044;126220.326863
LACH;9;603704.722531;126181.868672
LACH;10;603695.232848;126193.106455
LACH;11;603700.477146;126197.726432
LACH;12;603696.856083;126165.636318
LACH;13;603685.243707;126164.512540
LACH;14;603678.376173;126157.270413
LACH;15;603681.248051;126150.652607
LACH;16;603669.261082;126144.409394
LACH;17;603664.141647;126140.538602
LACH;18;603654.402235;126132.672154
LACH;19;603648.783344;126127.927312
LACH;20;603640.417438;126147.531001
LACH;21;603645.287144;126151.651521
LACH;22;603650.281715;126155.896906
LACH;23;603659.896263;126163.888218
LACH;24;603664.266512;126167.384418
LACH;25;603670.384860;126172.378988
LACH;26;603664.016783;126178.497337
LACH;27;603659.396806;126174.501680
LACH;28;603654.651964;126170.131431
LACH;29;603644.787687;126161.765526
LACH;30;603640.167710;126157.645006
LACH;31;603635.422868;126152.900164
MONT;1;603641.041760;126912.824037
MONT;2;603646.785516;126916.694829
MONT;3;603653.153593;126921.189943
MONT;4;603658.273027;126924.811006
MONT;5;603634.423954;126914.821865
MONT;6;603638.919067;126917.693743
MONT;7;603643.414181;126920.940214
MONT;8;603652.029814;126926.808834
MONT;9;603657.648706;126930.554762
MONT;10;603662.393548;126933.926097
MONT;11;603666.763797;126936.922839
MONT;12;603671.758367;126940.668767
MONT;13;603676.503209;126943.790373
MONT;14;603682.246965;126947.786029
MONT;15;603688.115585;126952.031414
MONT;16;603693.110155;126955.277885
MONT;17;603699.727961;126959.897862
MONT;18;603706.345767;126964.392976
MONT;19;603714.337079;126970.011867
MONT;20;603718.457600;126972.758881
MONT;21;603722.702984;126975.755623
MONT;22;603727.947283;126979.501551
MONT;23;603733.191582;126983.122614
MONT;24;603738.810474;126986.868542
MONT;25;603744.803958;126990.864198
MONT;26;603750.297985;126994.734990
MONT;27;603755.417420;126998.356054
MONT;28;603761.660633;127002.851167
MONT;29;603768.403303;127007.346280
MONT;30;603775.021108;127011.841394
MONT;31;603780.015679;127015.337593
MONT;32;603800.243689;127029.447254
MONT;33;603805.113395;127032.818589
MONT;34;603809.608508;127035.690467
MONT;35;603814.478214;127039.186666
MONT;36;603818.598734;127041.933680
MONT;37;603824.966812;127046.179065
MONT;38;603829.337061;127049.550400
MONT;39;603837.952694;127055.419020
MONT;40;603842.447808;127058.665490
MONT;41;603846.942921;127061.412504
MONT;42;603851.687763;127065.033568
MONT;43;603856.182876;127068.030310
MONT;44;603865.173103;127074.398387
MONT;45;603871.915773;127078.893500
MONT;46;603878.408714;127083.388614
MONT;47;603883.278420;127086.759948
MONT;48;603888.272990;127090.256148
MONT;49;603892.518375;127093.252890
MONT;50;603902.507516;127100.120424
MONT;51;603907.377222;127103.491759
MONT;52;603912.246928;127106.738230
POMM;1;603577.485852;126110.321452
POMM;2;603572.366418;126116.439800
POMM;3;603567.122119;126122.558149
POMM;4;603561.503227;126129.300819
POMM;5;603555.884336;126136.043489
POMM;6;603545.021145;126149.154236
POMM;7;603539.651982;126155.522313
POMM;8;603534.407683;126161.890390
POMM;9;603519.299108;126180.245436
POMM;10;603510.059153;126191.233491
POMM;11;603492.203564;126212.585279
POMM;12;603481.964695;126224.946841
POMM;13;603473.349061;126235.185710
POMM;14;603466.106934;126244.051072
POMM;15;603455.868065;126256.287769
POMM;16;603446.378382;126267.650417
POMM;17;603439.385983;126276.016322
POMM;18;603424.277408;126274.642815
POMM;19;603430.021164;126267.525553
POMM;20;603441.508676;126253.665620
POMM;21;603450.374038;126242.927294
POMM;22;603454.869151;126237.682995
POMM;23;603463.859378;126226.944669
POMM;24;603468.354491;126221.700370
POMM;25;603472.974469;126216.206343
POMM;26;603477.219853;126210.837179
POMM;27;603484.337116;126200.972903
POMM;28;603490.705193;126194.854554
POMM;29;603496.074356;126188.361613
POMM;30;603503.566212;126179.246522
POMM;31;603507.686732;126174.251952
POMM;32;603511.807253;126169.382246
POMM;33;603516.926687;126163.263897
POMM;34;603521.546665;126157.520141
POMM;35;603530.786620;126141.287788
POMM;36;603550.015716;126123.307335
POMM;37;603555.260015;126117.188986
POMM;38;603562.377277;126108.448488
POMM;39;603568.370762;126101.206361
PROU;1;603998.278402;126302.112952
PROU;2;603990.911410;126299.615667
PROU;3;603983.294691;126296.993517
PROU;4;603975.802835;126294.496232
PROU;5;603977.301206;126289.751390
RAMB;1;603339.869170;127117.976013
RAMB;2;603346.486975;127121.721941
RAMB;3;603353.229645;127125.218140
RAMB;4;603359.597722;127129.213796
RAMB;5;603366.465257;127133.084588
RAMB;6;603372.958198;127136.580787
RAMB;7;603385.569488;127147.069385
RAPE;1;602495.037601;126947.411437
RAPE;2;602500.281900;126941.542817
RAPE;3;602505.651063;126935.549332
RAPE;4;602510.895362;126929.680712
RAPE;5;602516.264525;126923.687228
RAPE;6;602521.508824;126917.693743
RAPE;7;602526.877987;126911.825123
RAPE;8;602543.360069;126893.470077
RAPE;9;602548.479503;126887.601457
RAPE;10;602553.598938;126881.732837
RAPE;11;602558.843237;126875.864217
RAPE;12;602563.962671;126869.870733
RAPE;13;602569.456699;126863.752384
RAPE;14;602574.825862;126858.008628
RAPE;15;602580.319889;126852.015144
RAPE;16;602585.689052;126846.146524
RAPE;17;602591.183079;126840.153039
RAPE;18;602596.552243;126834.159555
RAPE;19;602601.921406;126828.540663
RAPE;20;602607.415433;126822.547179
RAPE;21;602612.784596;126816.678559
RAPE;22;602618.153759;126810.809939
RAPE;23;602623.647787;126804.941318
RAPE;24;602628.892085;126798.947834
RAPE;25;602634.386113;126792.954350
RAPE;26;602639.630412;126786.960865
RAPE;27;602644.749846;126780.717652
RAPE;28;602649.744416;126774.599304
RAPE;29;602654.863851;126768.106362
RAPE;30;602659.608693;126761.988014
RAPE;31;602664.478399;126755.619937
RAPE;32;602669.348105;126749.126995
RAPE;33;602674.217811;126742.634054
RAPE;34;602679.087517;126736.265977
RAPE;35;602683.832359;126730.022764
RAPE;36;602688.577201;126723.779551
RAPE;37;602693.446907;126717.286609
RAPE;38;602698.316613;126710.793668
RAPE;39;602703.061455;126704.550455
RAPE;40;602707.806296;126697.932649
RAPE;41;602717.171116;126685.446224
RAPE;42;602722.040822;126678.953282
RAPE;43;602726.785664;126672.585205
RAPE;44;602731.655370;126666.092264
RAPE;45;602736.275347;126659.599322
RAPE;46;602740.895325;126653.106381
RAPE;47;602745.265574;126646.363711
RAPE;48;602749.386094;126639.496177
RAPE;49;602753.631479;126632.753507
RAPE;50;602807.822567;126625.636244
RAPE;51;602803.951775;126638.122670
RAPE;52;602797.084241;126640.619955
RAPE;53;602797.833426;126645.864254
RAPE;54;602792.838856;126652.357195
RAPE;55;602787.219964;126653.231245
RAPE;56;602787.969150;126658.600408
RAPE;57;602782.974580;126665.218214
RAPE;58;602775.232996;126675.082490
RAPE;59;602770.363290;126681.450567
RAPE;60;602760.623877;126694.061857
RAPE;61;602755.629307;126700.305070
RAPE;62;602739.521818;126720.283352
RAPE;63;602735.651026;126725.277922
RAPE;64;602740.895325;126729.773035
RAPE;65;602732.529419;126744.507018
RAPE;66;602727.659713;126747.004303
RAPE;67;602726.286207;126753.247516
RAPE;68;602724.662971;126735.516791
RAPE;69;602722.914872;126740.761090
RAPE;70;602717.046251;126753.746973
RAPE;71;602711.552224;126752.623194
RAPE;72;602708.305753;126758.616679
RAPE;73;602666.476227;126817.552608
RAPE;74;602654.863851;126833.410369
RAPE;75;602650.243873;126839.653582
RAPE;76;602645.374167;126846.146524
RAPE;77;602640.504461;126852.764329
RAPE;78;602636.009348;126858.632949
RAPE;79;602630.640185;126865.375619
RAPE;80;602613.284053;126887.476593
RAPE;81;602609.538125;126892.471163
RAPE;82;602604.793284;126898.589512
RAPE;83;602600.298170;126904.707860
RAPE;84;602595.553329;126910.826209
RAPE;85;602590.683622;126917.194286
RAPE;86;602585.938781;126923.312635
RAPE;87;602581.318803;126929.555848
RAPE;88;602576.698826;126935.549332
RAPE;89;602570.955070;126943.041188
RAPE;90;602560.091879;126957.150849
RAPE;91;602555.596766;126962.769740
RAPE;92;602548.978960;126971.260510
RAPE;93;602544.483847;126977.378859
RAPE;94;602540.113598;126983.122614
RAPE;95;602541.362241;126970.511324
RAPE;96;602535.743349;126975.256166
RAPE;97;602530.873643;126980.625329
RBER;1;603417.285010;126282.758992
RBER;2;603411.541254;126289.751390
RBER;3;603405.922362;126296.618925
RBER;4;603396.557543;126307.856708
RBER;5;603391.188380;126314.349649
RBER;6;603385.694352;126320.967455
RBER;7;603374.831162;126333.953338
RBER;8;603368.463085;126341.570057
RBER;9;603357.849623;126354.306212
RBER;10;603352.730188;126360.424560
RBER;11;603342.990776;126372.411529
RBER;12;603338.121070;126378.280149
RBER;13;603333.750821;126383.274720
RBER;14;603327.632472;126390.766575
RBER;15;603321.264395;126398.508159
RBER;16;603316.144961;126404.501643
RBER;17;603311.025526;126410.619992
RBER;18;603298.788829;126425.478839
RBER;19;603294.043987;126431.097730
RBER;20;603288.924553;126437.216079
RBER;21;603283.180797;126444.083613
RBER;22;603278.311091;126449.702505
RBER;23;603270.569507;126459.067324
RBER;24;603265.075479;126465.435401
RBER;25;603259.581452;126472.053207
RBER;26;603254.212289;126478.671013
RBER;27;603249.467447;126484.165040
RBER;28;603233.984279;126502.769814
RBER;29;603228.240523;126508.888163
RBER;30;603222.996224;126515.256240
RBER;31;603217.876790;126521.124860
RBER;32;603213.131948;126527.368073
RBER;33;603207.637921;126533.861015
RBER;34;603202.393622;126539.979363
RBER;35;603197.773644;126545.723119
RBER;36;603192.154753;126552.340925
RBER;37;603186.910454;126558.459273
RBER;38;603182.040748;126564.327894
RBER;39;603176.921313;126570.446242
RBER;40;603171.926743;126576.564591
RBER;41;603166.557580;126582.932668
RBER;42;603161.313281;126589.175881
RBER;43;603096.758460;126669.089006
RBER;44;603090.515247;126675.956540
RBER;45;603083.897441;126683.073803
RBER;46;603069.163459;126698.681835
RBER;47;603030.580403;126741.260547
RBER;48;603024.337190;126748.003217
RBER;49;603017.969113;126755.120480
RBER;50;603011.601036;126761.988014
RBER;51;603005.108094;126768.980412
RBER;52;603022.339362;126734.393013
RBER;53;603021.590176;126741.510275
RBER;54;603015.721556;126744.382153
RBER;55;603012.599950;126749.002131
RBER;56;603007.230787;126753.996701
RBER;57;603005.357823;126760.239914
RBER;58;602999.364338;126763.361521
RBER;59;602990.998433;126775.223625
RBER;60;602983.506578;126782.965209
RBER;61;602994.494632;126780.467924
RBER;62;602988.001691;126786.461408
RBER;63;602980.884428;126792.954350
RBER;64;602975.889858;126797.449463
RBER;65;602960.406690;126810.435346
RBER;66;602953.539156;126816.054237
RBER;67;602946.671622;126821.922858
RBER;68;602939.679223;126827.416885
RBER;69;602908.088566;126854.012972
RBER;70;602901.845353;126859.132406
RBER;71;602895.851869;126864.126977
RBER;72;602890.108113;126868.996683
RBER;73;602774.983267;126965.017297
RBER;74;602768.615190;126970.261596
RBER;75;602761.622791;126976.130216
RBER;76;602754.880122;126981.749108
RBER;77;602741.145053;126993.111755
RBER;78;602724.163514;127007.346280
RBER;79;602718.919215;127011.716529
RBER;80;602713.799781;127015.961914
RBER;81;602708.180889;127020.581892
RBER;82;602702.312269;127025.576462
RBER;83;602696.193920;127030.446168
RBER;84;602688.452336;127036.939110
RBER;85;602668.099462;127053.421192
RBER;86;602660.982200;127059.164947
RBER;87;602645.499032;127072.525423
RBER;88;602579.945296;127155.685019
RBER;89;602575.325319;127162.302824
RBER;90;602570.580477;127168.670902
RBER;91;602562.214572;127180.283278
RBER;92;602557.844323;127186.276762
RBER;93;602552.724888;127193.144296
RBER;94;602546.356811;127200.261559
RBER;95;602539.739005;127207.503686
RBER;96;602951.791056;126843.649238
RBER;97;602959.158047;126837.655754
RBER;98;602968.023410;126830.163899
RBER;99;602974.641215;126824.669871
RBER;100;602981.883342;126818.676387
RBER;101;602988.626012;126813.182359
RBER;102;602995.493546;126807.563468
RBER;103;603009.977800;126795.701363
RBER;104;603015.846421;126789.208422
RBER;105;603021.715041;126782.840345
RBER;106;603026.834475;126777.471182
RBER;107;603034.451195;126768.980412
RBER;108;603040.319815;126762.737199
RBER;109;603046.563028;126756.119394
RBER;110;603052.806241;126749.376724
RBER;111;603058.799725;126742.883782
RBER;112;603065.167802;126736.016248
RBER;113;603071.286151;126729.398442
RBER;114;603087.768233;126711.168261
RBER;115;603092.138482;126706.548283
RBER;116;603106.622736;126701.803441
RBER;117;603110.493528;126696.059686
RBER;118;603170.678100;126598.166107
RBER;119;603175.672671;126592.297487
RBER;120;603180.292648;126586.428867
RBER;121;603186.036404;126579.561333
RBER;122;603191.155839;126573.567849
RBER;123;603196.275273;126567.574364
RBER;124;603205.889821;126555.837124
RBER;125;603211.633577;126549.219318
RBER;126;603217.002740;126542.476648
RBER;127;603223.121089;126535.359386
RBER;128;603231.486994;126525.495109
RBER;129;603239.603171;126515.630833
RBER;130;603246.220976;126507.764385
RBER;131;603250.840954;126502.145493
RBER;132;603256.334981;126495.652552
RBER;133;603261.204687;126489.908796
RBER;134;603266.199258;126483.915311
RBER;135;603272.067878;126477.172642
RBER;136;603277.187312;126470.929429
REUI;1;603947.458649;127071.151916
REUI;2;603952.827812;127064.658975
REUI;3;603961.818038;127053.296327
REUI;4;603968.186115;127045.305015
REUI;5;603974.429328;127037.563431
REUI;6;603987.415211;127021.455942
REUI;7;603993.158967;127013.964086
REUI;8;603999.277316;127006.222502
REUI;9;604005.270800;126998.730647
REUI;10;604011.264284;126991.113927
REUI;11;604023.500982;126975.880487
REUI;12;604029.744194;126968.014039
REUI;13;604036.486864;126959.273541
REUI;14;604042.854942;126951.656821
REUI;15;604049.098154;126943.915237
REUI;16;604054.717046;126936.797975
REUI;17;604061.085123;126928.681798
REUI;18;604067.827793;126920.315893
REUI;19;604073.821278;126912.824037
REUI;20;604080.064490;126905.082453
REUI;21;604086.682296;126897.091141
REUI;22;604093.175237;126889.224693
REUI;23;604099.793043;126880.733923
REUI;24;604106.036256;126872.992339
REUI;25;604112.654062;126865.125891
REUI;26;604118.772410;126857.509171
REUI;27;604125.015623;126849.767587
REUI;28;604130.509651;126843.024917
REUI;29;604137.002592;126834.908740
REUI;30;604143.745262;126826.542835
REUI;31;604155.232774;126811.933717
REUI;32;604161.351122;126804.441861
REUI;33;604167.594335;126797.074870
REUI;34;604180.080761;126781.841431
REUI;35;604186.323974;126773.725254
REUI;36;604191.818001;126767.107448
REUI;37;604217.290310;126715.039053
REUI;38;604221.410830;126718.035795
REUI;39;604225.031894;126713.041225
REUI;40;604224.657301;126704.925048
REUI;41;604228.777822;126707.921790
REUI;42;604228.403229;126699.680749
REUI;43;604232.773478;126702.802355
REUI;44;604231.774564;126694.811043
REUI;45;604236.644270;126697.807785
REUI;46;604236.269677;126688.817559
REUI;47;604240.639926;126692.188894
REUI;48;604240.265333;126683.073803
REUI;49;604245.384768;126686.070545
REUI;50;604245.259904;126676.580861
REUI;51;604250.004745;126680.201925
REUI;52;604249.879881;126670.087920
REUI;53;604254.749587;126673.833848
REUI;54;604254.125266;126663.844707
REUI;55;604259.244700;126668.090092
REUI;56;604258.620379;126658.225815
REUI;57;604263.614950;126662.845793
REUI;58;604263.115492;126652.107467
REUI;59;604268.359791;126656.352852
REUI;60;604267.360877;126646.363711
REUI;61;604272.730040;126650.484231
REUI;62;604271.731126;126640.495091
REUI;63;604276.975425;126644.615611
REUI;64;604275.851647;126634.501606
REUI;65;604281.345674;126638.622127
REUI;66;604280.097032;126628.508122
REUI;67;604285.840787;126633.003235
REUI;68;604325.672486;126612.775226
REUI;69;604320.677915;126616.646018
REUI;70;604327.295721;126619.892488
REUI;71;604316.307666;126621.640588
REUI;72;604322.051422;126626.760022
REUI;73;604312.187146;126627.384344
REUI;74;604317.681173;126631.879457
REUI;75;604307.442304;126632.878371
REUI;76;604313.435788;126637.373484
REUI;77;604303.571512;126637.872941
REUI;78;604309.065539;126642.243190
REUI;79;604299.076399;126643.741562
REUI;80;604304.570426;126647.112896
REUI;81;604295.330471;126648.486403
REUI;82;604300.449906;126652.606924
REUI;83;604290.211036;126654.979345
REUI;84;604295.205607;126659.474458
REUI;85;604285.591059;126660.847965
REUI;86;604290.960222;126665.093350
REUI;87;604281.220810;126666.591721
REUI;88;604286.090516;126670.961970
REUI;89;604276.600832;126672.585205
REUI;90;604281.345674;126676.830590
REUI;91;604271.855991;126678.828418
REUI;92;604276.600832;126682.824074
REUI;93;604267.610606;126684.197581
REUI;94;604272.730040;126687.818645
REUI;95;604262.616035;126690.565658
REUI;96;604267.360877;126694.311586
REUI;97;604257.996058;126696.684007
REUI;98;604262.740900;126700.055342
REUI;99;604253.251216;126702.427763
REUI;100;604257.996058;126706.048826
REUI;101;604253.126352;126711.792582
REUI;102;604248.506374;126717.661202
REUI;103;604240.764790;126718.535252
REUI;104;604221.660559;126743.258375
REUI;105;604216.416260;126749.501588
REUI;106;604212.046011;126755.370208
REUI;107;604199.309857;126777.221453
REUI;108;604193.191508;126784.588444
REUI;109;604186.573702;126792.704621
REUI;110;604180.580218;126800.196477
REUI;111;604174.711598;126807.563468
REUI;112;604169.217571;126814.306138
REUI;113;604164.472729;126820.174758
REUI;114;604157.480330;126828.665527
REUI;115;604152.735489;126834.534148
REUI;116;604148.115511;126840.277903
REUI;117;604141.747434;126848.144352
REUI;118;604135.129628;126856.260528
REUI;119;604129.385872;126863.128063
REUI;120;604122.518338;126871.743696
REUI;121;604115.401075;126880.484194
REUI;122;604109.282727;126888.100914
REUI;123;604103.538971;126895.218177
REUI;124;604096.296844;126904.333268
REUI;125;604085.933111;126917.194286
REUI;126;604080.189355;126924.311549
REUI;127;604074.570463;126931.303947
REUI;128;604066.454286;126941.293088
REUI;129;604058.962431;126950.907636
REUI;130;604052.219761;126958.898948
REUI;131;604045.352227;126967.389718
REUI;132;604038.484693;126976.130216
REUI;133;604032.740937;126983.372343
REUI;134;604027.122045;126990.489606
REUI;135;604020.753968;126998.356054
REUI;136;604014.385891;127006.597095
REUI;137;604008.142678;127014.463543
REUI;138;604001.275144;127022.954313
REUI;139;603995.905981;127029.072661
REUI;140;603984.293605;127044.181237
REUI;141;603978.924442;127050.799042
REUI;142;603973.055821;127058.041169
REUI;143;603966.937473;127065.907617
REUI;144;603961.942902;127072.150830
REUI;145;603956.573739;127079.018364
TAIN;1;604026.747452;126321.092319
TAIN;2;604032.865801;126327.085804
TAIN;3;604053.468403;126346.564628
TAIN;4;604058.962431;126351.933791
TAIN;5;604064.955915;126357.677547
TAIN;6;604071.074264;126363.421303
TAIN;7;604077.067748;126369.414787
TAIN;8;604083.310961;126375.283407
TAIN;9;604089.554174;126381.152027
TAIN;10;604095.547658;126386.895783
TAIN;11;604102.664921;126393.638453
TAIN;12;604109.157863;126399.756802
TAIN;13;604115.026483;126405.500557
TAIN;14;604120.520510;126410.619992
TAIN;15;604126.014537;126415.989155
TAIN;16;604131.508565;126421.233454
TAIN;17;604137.252321;126426.602617
TAIN;18;604143.120941;126432.096644
TAIN;19;604148.739832;126437.590672
TAIN;20;604154.483588;126443.209563
TAIN;21;604170.466213;126458.193274
TAIN;22;604175.960240;126463.562437
TAIN;23;604181.703996;126469.056465
TAIN;24;604187.697481;126474.800221
TAIN;25;604193.316372;126480.543976
TAIN;26;604199.184992;126485.788275
TAIN;27;604205.053613;126491.532031
TAIN;28;604210.547640;126496.776330
TAIN;29;604216.291396;126502.145493
TAIN;30;604227.778907;126512.883819
TAIN;31;604233.148071;126518.377847
TAIN;32;604238.392369;126523.497281
TAIN;33;604244.011261;126528.741580
TAIN;34;604218.663817;126521.499453
TAIN;35;604213.544382;126516.504883
TAIN;36;604207.925490;126511.135720
TAIN;37;604202.056870;126505.641692
TAIN;38;604196.437979;126500.272529
TAIN;39;604190.694223;126494.653638
TAIN;40;604184.825603;126489.159610
TAIN;41;604179.206711;126483.790447
TAIN;42;604173.338091;126478.171556
TAIN;43;604167.594335;126472.552664
TAIN;44;604161.850579;126467.058637
TAIN;45;604145.867954;126452.199790
TAIN;46;604140.373927;126446.580898
TAIN;47;604134.255578;126440.962007
TAIN;48;604128.511822;126435.343115
TAIN;49;604123.017795;126430.098816
TAIN;50;604117.523768;126424.854517
TAIN;51;604112.029740;126419.485354
TAIN;52;604106.161120;126413.866463
TAIN;53;604101.416279;126409.371349
TAIN;54;604094.423880;126402.503815
TAIN;55;604087.930939;126396.635195
TAIN;56;604081.063404;126390.142254
TAIN;57;604075.069920;126384.148769
TAIN;58;604068.701843;126378.030421
TAIN;59;604062.333766;126372.161801
TAIN;60;604056.340281;126366.418045
TAIN;61;604049.223019;126359.425646
TAIN;62;604042.605213;126353.182433
TERR;1;603927.230639;125823.508252
TERR;2;603920.737697;125818.263953
TERR;3;603912.246928;125811.271554
TERR;4;603906.503172;125799.908907
TERR;5;603898.262131;125799.784043
TERR;6;603896.763760;125792.042459
TERR;7;603884.776791;125788.421395
TERR;8;603873.289279;125778.931711
TERR;9;603867.046066;125773.562548
TERR;10;603861.052582;125768.567978
TERR;11;603854.934233;125763.573408
TERR;12;603848.441292;125758.453973
TERR;13;603841.199165;125745.842683
TERR;14;603834.081902;125746.342140
TERR;15;603833.332717;125739.100013
TERR;16;603826.215454;125739.724334
TERR;17;603825.216540;125732.357343
TERR;18;603818.349006;125732.731936
TERR;19;603816.850635;125725.364945
TERR;20;603809.858236;125725.614673
TERR;21;603777.643258;125693.899152
TERR;22;603777.643258;125686.781889
TERR;23;603770.401131;125685.408382
TERR;24;603770.276267;125678.291120
TERR;25;603762.784411;125677.541934
TERR;26;603762.909275;125669.550622
TERR;27;603755.292556;125668.801436
TERR;28;603755.542284;125661.184716
TERR;29;603748.050429;125660.310666
TERR;30;603748.050429;125652.693947
TERR;31;603740.558573;125651.819897
TERR;32;603740.558573;125643.953449
TERR;33;603732.816989;125642.704806
TERR;34;603728.946197;125630.592973
TERR;35;603718.332735;125626.097860
TERR;36;603718.457600;125618.356276
TERR;37;603710.965744;125617.482226
TERR;38;603711.215473;125609.990371
TERR;39;603703.598753;125608.866592
TERR;40;603696.356626;125600.500687
TERR;41;603696.106897;125592.759103
TERR;42;603688.615042;125592.134782
TERR;43;603688.240449;125584.642926
TERR;44;603676.628073;125580.647270
TERR;45;603675.504295;125573.155414
VANG;1;602537.241720;126997.606868
VANG;2;602543.984390;127004.099810
VANG;3;602548.604368;127008.220330
VANG;4;602553.349209;127012.715444
VANG;5;602558.343780;127017.210557
VANG;6;602563.588078;127022.205127
VANG;7;602568.707513;127026.825105
VANG;8;602573.077762;127030.820761
VANG;9;602577.323147;127034.941281
VANG;10;602583.940953;127041.059630
VANG;11;602596.427378;127052.547142
VANG;12;602601.546813;127057.416848
VANG;13;602606.041926;127061.412504
VANG;14;602611.785682;127066.781667
VANG;15;602616.905117;127071.526509
VILL;1;602757.627135;126709.794754
VILL;2;602762.371977;126713.415817
VILL;3;602771.861661;126720.782809
VILL;4;602776.107045;126724.029279
VILL;5;602782.100530;126728.649257
VILL;6;602787.844286;126732.894642
VILL;7;602793.712906;126737.264891
VILL;8;602799.331797;126741.884868
VILL;9;602805.075553;126746.130253
VILL;10;602810.694445;126750.375638
VILL;11;602816.313336;126754.870751
VILL;12;602822.057092;126759.241000
VILL;13;602827.800848;126763.611249
VILL;14;602833.419740;126767.981498
VILL;15;602862.013655;126789.957607
VILL;16;602868.132003;126794.702449
VILL;17;602874.749809;126799.697020
VILL;18;602880.868158;126804.566726
VILL;19;602887.236235;126809.436432
VILL;20;602893.479448;126814.306138
VILL;21;602899.972389;126819.175844
VILL;22;602906.215602;126824.045550
VILL;23;602897.974561;126834.284419
VILL;24;602892.855127;126830.538491
VILL;25;602887.111371;126826.043378
VILL;26;602881.367615;126821.673129
VILL;27;602875.498995;126817.178016
VILL;28;602869.755239;126812.807767
VILL;29;602863.387162;126808.062925
VILL;30;602857.143949;126803.068355
VILL;31;602846.530487;126794.827314
VILL;32;602841.036459;126790.706793
VILL;33;602832.920283;126784.463580
VILL;34;602828.175441;126780.842517
VILL;35;602822.931142;126776.846860
VILL;36;602817.936572;126772.976068
VILL;37;602810.819309;126767.357177
VILL;38;602806.199332;126763.860978
VILL;39;602801.329625;126760.115050
VILL;40;602795.960462;126756.244258
VILL;41;602790.466435;126751.874009
VILL;42;602784.847543;126747.628624
VILL;43;602776.856231;126744.756746
VILL;44;602770.488154;126739.637312
VILL;45;602764.744398;126735.391927
VILL;46;602758.875778;126730.771949
VILL;47;602753.631479;126726.651429
VILL;48;602748.387180;126722.655772
